{
  "name": "RRLive",
  "component": false,
  "license_url": null,
  "about_url": null,
  "authors": null,
  "theme_version": null,
  "minimum_discourse_version": null,
  "maximum_discourse_version": null,
  "assets": {
  },
  "color_schemes": {
    "RRLive": {
      "primary": "ffffff",
      "secondary": "4d4e4e",
      "tertiary": "35373d",
      "quaternary": "e90426",
      "header_background": "ffffff",
      "header_primary": "333333",
      "highlight": "ffff4d",
      "danger": "e90426",
      "success": "009900",
      "love": "fa6c8d",
      "tertiary-hover": "bebec0",
      "primary-low": "bebec0"
    }
  },
  "modifiers": {
  },
  "learn_more": "https://meta.discourse.org/t/beginners-guide-to-using-discourse-themes/91966"
}